id,Inlock,cct_primera_opcion,nombre_primera_opcion,turno_primera_opcion,CCT_PROCED,nombre_procedencia,Coord_x_primera_opcion,Coord_y_primera_opcion,Coord_x_procedencia,Coord_y_procedencia
1,3,09DES0027O,ALFREDO E. URUCHURTU,100,09DPR1932E,JUVENTINO ROSAS,-99.2413,19.3053,-99.2334,19.3066
2,3,09DES0027O,ALFREDO E. URUCHURTU,100,09PPR1532N,NUEVA RAZA,-99.2413,19.3053,-99.230888,19.3093
3,3,09DES0027O,ALFREDO E. URUCHURTU,100,09DPR1892U,ALFONSO TEJA ZABRE,-99.2413,19.3053,-99.2285,19.3093
4,3,09DES0027O,ALFREDO E. URUCHURTU,100,09DPR2771P,DR. SALVADOR ALLENDE G.,-99.2413,19.3053,-99.2266,19.31
5,3,09DES0027O,ALFREDO E. URUCHURTU,100,09PPR0480R,INSTITUTO GIORDANO BRUNO,-99.2413,19.3053,-99.248758,19.310416
6,3,09DES0027O,ALFREDO E. URUCHURTU,100,09DPR1932E,JUVENTINO ROSAS,-99.2413,19.3053,-99.2334,19.3066
7,3,09DES0027O,ALFREDO E. URUCHURTU,100,09DPR1888H,ALFREDO E. URUCHURTU,-99.2413,19.3053,-99.2467,19.3054
8,3,09DES0027O,ALFREDO E. URUCHURTU,100,09DPR2676L,PROFR. VICTOR MANUEL MANZANO DELGADO,-99.2413,19.3053,-99.2351,19.277
9,3,09DES0027O,ALFREDO E. URUCHURTU,100,09DPR1927T,MARIANO ABASOLO,-99.2413,19.3053,-99.2338,19.3056
10,3,09DES0027O,ALFREDO E. URUCHURTU,100,09DPR1887I,ALVARO OBREGON,-99.2413,19.3053,-99.2457,19.302
11,3,09DES0027O,ALFREDO E. URUCHURTU,100,09DPR2225I,GAMBIA,-99.2413,19.3053,-99.2496,19.3156
12,3,09DES0027O,ALFREDO E. URUCHURTU,100,09PPR1631N,MISSISSAUGA INSTITUTE,-99.2413,19.3053,-99.247227,19.306513
13,3,09DES0027O,ALFREDO E. URUCHURTU,100,09PPR0307J,INSTITUTO NURSIA,-99.2413,19.3053,-99.23991944,19.31047778
14,3,09DES0027O,ALFREDO E. URUCHURTU,100,09DPR2225I,GAMBIA,-99.2413,19.3053,-99.2496,19.3156
15,3,09DES0027O,ALFREDO E. URUCHURTU,100,09DPR3095M,FRANCISCO NICODEMO,-99.2413,19.3053,-99.2381,19.3051
16,3,09DES0027O,ALFREDO E. URUCHURTU,100,09PPR1857T,"""COLEGIO NOIL""",-99.2413,19.3053,-99.23453056,19.31357778
17,3,09DES0027O,ALFREDO E. URUCHURTU,100,09DPR1932E,JUVENTINO ROSAS,-99.2413,19.3053,-99.2334,19.3066
18,3,09DES0027O,ALFREDO E. URUCHURTU,100,09DPR1921Z,PROCERES DE LA INDEPENDENCIA,-99.2413,19.3053,-99.212,19.3335
19,3,09DES0027O,ALFREDO E. URUCHURTU,100,09DPR2224J,XICOTENCATL,-99.2413,19.3053,-99.2563,19.3133
20,3,09DES0027O,ALFREDO E. URUCHURTU,100,09PPR1631N,MISSISSAUGA INSTITUTE,-99.2413,19.3053,-99.247227,19.306513
21,3,09DES0027O,ALFREDO E. URUCHURTU,100,09DPR3095M,FRANCISCO NICODEMO,-99.2413,19.3053,-99.2381,19.3051
22,3,09DES0027O,ALFREDO E. URUCHURTU,100,09DPR1887I,ALVARO OBREGON,-99.2413,19.3053,-99.2457,19.302
23,3,09DES0027O,ALFREDO E. URUCHURTU,100,09DPR1887I,ALVARO OBREGON,-99.2413,19.3053,-99.2457,19.302
24,3,09DES0027O,ALFREDO E. URUCHURTU,100,09DPR1935B,JOSEFA ORTIZ DE DOMÍNGUEZ,-99.2413,19.3053,-99.2128,19.329
25,3,09DES0085E,REPÚBLICA DE FRANCIA,100,09DPR2522I,GRAL. FELIPE ANGELES,-99.0809,19.4505,-99.11,19.4466
26,3,09DES0085E,REPÚBLICA DE FRANCIA,100,09PPR1911X,COLEGIO BÉCQUER,-99.0809,19.4505,-99.062316,19.447841
27,3,09DES0085E,REPÚBLICA DE FRANCIA,100,09DPR1517Q,REPÚBLICA DE URUGUAY,-99.0809,19.4505,-99.1196,19.4628
28,3,09DES0085E,REPÚBLICA DE FRANCIA,100,09DPR2195E,FORJADORES DE LA CULTURA,-99.0809,19.4505,-99.087,19.4575
29,3,09DES0085E,REPÚBLICA DE FRANCIA,100,09DPR3076Y,PROFRA. BEATRIZ DE GORTARI Y PÉREZ,-99.0809,19.4505,-99.0607,19.4677
30,3,09DES0085E,REPÚBLICA DE FRANCIA,100,09PPR0939W,COLEGIO MALINALLI,-99.0809,19.4505,-99.09112,19.464619
31,3,09DES0085E,REPÚBLICA DE FRANCIA,100,09DPR1361F,ANA MARIA BERLANGA,-99.0809,19.4505,-99.0947,19.4601
32,3,09DES0085E,REPÚBLICA DE FRANCIA,100,09DPR1409I,JULIO S. HERNANDEZ,-99.0809,19.4505,-99.066,19.4743
33,3,09DES0085E,REPÚBLICA DE FRANCIA,100,09DPR1445N,WINSTON CHURCHILL,-99.0809,19.4505,-99.0844,19.4486
34,3,09DES0085E,REPÚBLICA DE FRANCIA,100,09DPR1363D,MTRO. MANUEL C. TELLO,-99.0809,19.4505,-99.0767,19.467
35,3,09DES0085E,REPÚBLICA DE FRANCIA,100,09PPR1641U,COLEGIO JEAN PIAGET,-99.0809,19.4505,-99.077691,19.489855
36,3,09DES0085E,REPÚBLICA DE FRANCIA,100,09PPR1915T,INSTITUTO ENRIQUETA CASTELLTORT,-99.0809,19.4505,-99.112612,19.479699
37,3,09DES0085E,REPÚBLICA DE FRANCIA,100,09DPR2209R,REPÚBLICA DE ISLANDIA,-99.0809,19.4505,-99.0874,19.4423
38,3,09DES0085E,REPÚBLICA DE FRANCIA,100,09DPR1466Z,SUAVE PATRIA,-99.0809,19.4505,-99.0802,19.4962
39,3,09DES0085E,REPÚBLICA DE FRANCIA,100,09DPR2708N,REPÚBLICA ARABE UNIDA,-99.0809,19.4505,-99.0641,19.427
40,3,09DES0085E,REPÚBLICA DE FRANCIA,100,09DPR1474I,ENRIQUE GONZÁLEZ MARTINEZ,-99.0809,19.4505,-99.0977,19.4721
41,3,09DES0085E,REPÚBLICA DE FRANCIA,100,09PPR0227Y,INSTITUTO NOTTINGHAM,-99.0809,19.4505,-99.086162,19.450729
42,3,09DES0085E,REPÚBLICA DE FRANCIA,100,09PPR0071N,ING. ARMANDO I. SANTACRUZ,-99.0809,19.4505,-99.089708,19.437515
43,3,09DES0085E,REPÚBLICA DE FRANCIA,100,09DPR5034M,KUKULKAN,-99.0809,19.4505,-99.0852,19.4834
44,3,09DES0085E,REPÚBLICA DE FRANCIA,100,09DPR0977U,LIC. ERNESTO ENRIQUEZ,-99.0809,19.4505,-99.0978,19.4436
45,3,09DES0085E,REPÚBLICA DE FRANCIA,100,09DPR1408J,JOSÉ CLEMENTE OROZCO,-99.0809,19.4505,-99.1011,19.4536
46,3,09DES0085E,REPÚBLICA DE FRANCIA,100,09DPR1445N,WINSTON CHURCHILL,-99.0809,19.4505,-99.0844,19.4486
47,3,09DES0085E,REPÚBLICA DE FRANCIA,100,09DPR1408J,JOSÉ CLEMENTE OROZCO,-99.0809,19.4505,-99.1011,19.4536
48,3,09DES0085E,REPÚBLICA DE FRANCIA,100,09DPR1063G,PRESIDENTE MIGUEL ALEMAN,-99.0809,19.4505,-99.0716,19.42
49,3,09DES0085E,REPÚBLICA DE FRANCIA,100,09DPR1420E,JUAN RUIZ DE ALARCON,-99.0809,19.4505,-99.0886,19.4619
50,3,09DES0085E,REPÚBLICA DE FRANCIA,100,09DPR1452X,TURQUIA,-99.0809,19.4505,-99.0961,19.4562
51,3,09DES0085E,REPÚBLICA DE FRANCIA,100,09DPR2195E,FORJADORES DE LA CULTURA,-99.0809,19.4505,-99.087,19.4575
52,3,09DES0085E,REPÚBLICA DE FRANCIA,100,09DPR1452X,TURQUIA,-99.0809,19.4505,-99.0961,19.4562
53,3,09DES0085E,REPÚBLICA DE FRANCIA,100,09DPR1377G,LUIS G. LOZANO,-99.0809,19.4505,-99.0992,19.4697
54,3,09DES0085E,REPÚBLICA DE FRANCIA,100,09DPR1361F,ANA MARIA BERLANGA,-99.0809,19.4505,-99.0947,19.4601
55,3,09DES0085E,REPÚBLICA DE FRANCIA,100,09DPR1542P,MOCTEZUMA ILHUICAMINA,-99.0809,19.4505,-99.0747,19.45
56,3,09DES0085E,REPÚBLICA DE FRANCIA,100,09DPR3101G,LIC. ALFREDO V. BONFIL PINTO,-99.0809,19.4505,-99.0785,19.4974
57,3,09DES0085E,REPÚBLICA DE FRANCIA,100,09DPR1420E,JUAN RUIZ DE ALARCON,-99.0809,19.4505,-99.0886,19.4619
58,3,09DES0085E,REPÚBLICA DE FRANCIA,100,09DPR1452X,TURQUIA,-99.0809,19.4505,-99.0961,19.4562
59,3,09DES0085E,REPÚBLICA DE FRANCIA,100,09DPR1087Q,HÉROES DE ZACAPOAXTLA,-99.0809,19.4505,-99.0977,19.4317
60,3,09DES0085E,REPÚBLICA DE FRANCIA,100,09DPR1420E,JUAN RUIZ DE ALARCON,-99.0809,19.4505,-99.0886,19.4619
61,3,09DES0085E,REPÚBLICA DE FRANCIA,100,09PPR0083S,JARDIN DE GUERRERO,-99.0809,19.4505,-99.10833,19.416437
62,3,09DES0085E,REPÚBLICA DE FRANCIA,100,09DPR1452X,TURQUIA,-99.0809,19.4505,-99.0961,19.4562
63,3,09DES0085E,REPÚBLICA DE FRANCIA,100,09DPR2195E,FORJADORES DE LA CULTURA,-99.0809,19.4505,-99.087,19.4575
64,3,09DES0085E,REPÚBLICA DE FRANCIA,100,09DPR1361F,ANA MARIA BERLANGA,-99.0809,19.4505,-99.0947,19.4601
65,3,09DES0085E,REPÚBLICA DE FRANCIA,100,09DPR2193G,EMPERADOR CUAUHTÉMOC,-99.0809,19.4505,-99.058,19.4479
66,3,09DES0085E,REPÚBLICA DE FRANCIA,100,09DPR2193G,EMPERADOR CUAUHTÉMOC,-99.0809,19.4505,-99.058,19.4479
67,3,09DES0085E,REPÚBLICA DE FRANCIA,100,09DPR2193G,EMPERADOR CUAUHTÉMOC,-99.0809,19.4505,-99.058,19.4479
68,3,09DES0085E,REPÚBLICA DE FRANCIA,100,09DPR3219E,BELICE,-99.0809,19.4505,-99.0877,19.5031
69,3,09DES0085E,REPÚBLICA DE FRANCIA,100,09PPR0788G,PALAS ATENEA,-99.0809,19.4505,-99.082633,19.457874
70,3,09DES0085E,REPÚBLICA DE FRANCIA,100,09PPR0139D,COLEGIO AZCAPOTZALCO,-99.0809,19.4505,-99.184652,19.485098
71,3,09DES0085E,REPÚBLICA DE FRANCIA,100,09DPR1490Z,PROFR. EFREN VALENZUELA,-99.0809,19.4505,-99.0914,19.4543
72,3,09DES0085E,REPÚBLICA DE FRANCIA,100,09PPR1828Y,COLEGIO J M LONDRES,-99.0809,19.4505,-99.098095,19.445652
73,3,09DES0085E,REPÚBLICA DE FRANCIA,100,09DPR1490Z,PROFR. EFREN VALENZUELA,-99.0809,19.4505,-99.0914,19.4543
74,3,09DES0085E,REPÚBLICA DE FRANCIA,100,09PPR1915T,INSTITUTO ENRIQUETA CASTELLTORT,-99.0809,19.4505,-99.112612,19.479699
75,3,09DES0107Z,XOCHIMILCO,100,09DPR3052O,CUAHILAMA,-99.105,19.2573,-99.0746,19.246
76,3,09DES0107Z,XOCHIMILCO,100,09DPR1998N,QUILAZTLI,-99.105,19.2573,-99.1053,19.2566
77,3,09DES0107Z,XOCHIMILCO,100,09DPR0011U,PROFR. CARITINO MALDONADO PÉREZ,-99.105,19.2573,-99.106,19.2462
78,3,09DES0107Z,XOCHIMILCO,100,09DPR3193N,PROFR. CARITINO MALDONADO PÉREZ,-99.105,19.2573,-99.106,19.2462
79,3,09DES0107Z,XOCHIMILCO,100,09DPR3193N,PROFR. CARITINO MALDONADO PÉREZ,-99.105,19.2573,-99.106,19.2462
80,3,09DES0107Z,XOCHIMILCO,100,09PPR1189S,COLEGIO ALFREDO NOBEL,-99.105,19.2573,-99.1057,19.25219
81,3,09DES0107Z,XOCHIMILCO,100,09DPR2068I,ITZCOATL,-99.105,19.2573,-99.0959,19.24
82,3,09DES0107Z,XOCHIMILCO,100,09DPR2051I,QUIRINO MENDOZA Y CORTES,-99.105,19.2573,-99.1067,19.2568
83,3,09DES0107Z,XOCHIMILCO,100,09DPR5128A,DANIEL RAMIREZ PÉREZ,-99.105,19.2573,-99.1215,19.2188
84,3,09DES0107Z,XOCHIMILCO,100,09DPR2026J,CRISTÓBAL COLÓN,-99.105,19.2573,-99.1237,19.2481
85,3,09DES0107Z,XOCHIMILCO,100,09DPR5079I,MARCELIANO TREJO SANTANA,-99.105,19.2573,-99.1194,19.2816
86,3,09DES0107Z,XOCHIMILCO,100,09DPR2952Z,PINTOR DIEGO RIVERA,-99.105,19.2573,-99.08,19.1924
87,3,09DES0107Z,XOCHIMILCO,100,09DPR2034S,MAESTRO ADOLFO VALLES,-99.105,19.2573,-99.1079,19.2268
88,3,09DES0107Z,XOCHIMILCO,100,09DPR2737I,XOCHIMILCO,-99.105,19.2573,-99.106,19.2563
89,3,09DES0107Z,XOCHIMILCO,100,09DPR5080Y,PROFR. VICENTE V. YBARRA,-99.105,19.2573,-99.1017,19.2548
90,3,09DES0107Z,XOCHIMILCO,100,09DPR0011U,PROFR. CARITINO MALDONADO PÉREZ,-99.105,19.2573,-99.106,19.2462
91,3,09DES0107Z,XOCHIMILCO,100,09DPR2073U,IGNACIO RAMÍREZ,-99.105,19.2573,-99.1067,19.2562
92,3,09DES0107Z,XOCHIMILCO,100,09DPR3193N,PROFR. CARITINO MALDONADO PÉREZ,-99.105,19.2573,-99.106,19.2462
93,3,09DES0107Z,XOCHIMILCO,100,09DPR2969Z,QUIRINO MENDOZA Y CORTES,-99.105,19.2573,-99.1067,19.2568
94,3,09DES0107Z,XOCHIMILCO,100,09DPR5147P,PROFR. MAXIMILIANO MOLINA FUENTE,-99.105,19.2573,-99.1484,19.202
95,3,09DES0107Z,XOCHIMILCO,100,09DPR2051I,QUIRINO MENDOZA Y CORTES,-99.105,19.2573,-99.1067,19.2568
96,3,09DES0107Z,XOCHIMILCO,100,09DPR2073U,IGNACIO RAMÍREZ,-99.105,19.2573,-99.1067,19.2562
97,3,09DES0107Z,XOCHIMILCO,100,09DPR2036Q,VICENTE RIVA PALACIO,-99.105,19.2573,-99.1034,19.268
98,3,09DES0107Z,XOCHIMILCO,100,09DPR4236B,AARON CAMACHO LÓPEZ,-99.105,19.2573,-99.0279,19.2508
99,3,09DES0107Z,XOCHIMILCO,100,09DPR2044Z,CUAHILAMA,-99.105,19.2573,-99.0746,19.246
100,3,09DES0107Z,XOCHIMILCO,100,09DPR3193N,PROFR. CARITINO MALDONADO PÉREZ,-99.105,19.2573,-99.106,19.2462
101,3,09DES0107Z,XOCHIMILCO,100,09DPR2723F,XOCHIMILCO,-99.105,19.2573,-99.106,19.2563
102,3,09DES0107Z,XOCHIMILCO,100,09DPR2036Q,VICENTE RIVA PALACIO,-99.105,19.2573,-99.1034,19.268
103,3,09DES0107Z,XOCHIMILCO,100,09DPR2563I,TLAMACHIHUAPAN,-99.105,19.2573,-99.0736,19.243
104,3,09DES0107Z,XOCHIMILCO,100,09DPR0125W,PROFR. VICENTE V. YBARRA,-99.105,19.2573,-99.1017,19.2548
105,3,09DES0117G,GABRIELA MISTRAL,100,09DPR1002T,PROFR. BRAULIO RODRÍGUEZ,-99.0435,19.3919,-99.0301,19.3837
106,3,09DES0117G,GABRIELA MISTRAL,100,09DPR1063G,PRESIDENTE MIGUEL ALEMAN,-99.0435,19.3919,-99.0716,19.42
107,3,09DES0117G,GABRIELA MISTRAL,100,09DPR0963R,PINTOR GERARDO MURILLO,-99.0435,19.3919,-99.0432,19.3926
108,3,09DES0117G,GABRIELA MISTRAL,100,09PPR1218X,ROBERTO OWEN,-99.0435,19.3919,-99.031725,19.3588
109,3,09DES0117G,GABRIELA MISTRAL,100,09DPR1002T,PROFR. BRAULIO RODRÍGUEZ,-99.0435,19.3919,-99.0301,19.3837
110,3,09DES0117G,GABRIELA MISTRAL,100,09DPR0963R,PINTOR GERARDO MURILLO,-99.0435,19.3919,-99.0432,19.3926
111,3,09DES0117G,GABRIELA MISTRAL,100,09DPR3213K,PROFR. PRISCILIANO MARTÍNEZ LÓPEZ,-99.0435,19.3919,-99.0542,19.3978
112,3,09DES0117G,GABRIELA MISTRAL,100,09DPR2262M,ESTADO DE LESOTHO,-99.0435,19.3919,-99.0479,19.3947
113,3,09DES0117G,GABRIELA MISTRAL,100,09DPR2913X,GUILLERMO PRIETO,-99.0435,19.3919,-99.0401,19.389
114,3,09DES0117G,GABRIELA MISTRAL,100,09DPR2268G,MANUEL C. TELLO,-99.0435,19.3919,-99.0277,19.3838
115,3,09DES0117G,GABRIELA MISTRAL,100,09DPR0111T,PROFRA. COLUMBA RIVERA,-99.0435,19.3919,-99.0533,19.3855
116,3,09DES0117G,GABRIELA MISTRAL,100,09DPR2913X,GUILLERMO PRIETO,-99.0435,19.3919,-99.0401,19.389
117,3,09DES0117G,GABRIELA MISTRAL,100,09DPR2913X,GUILLERMO PRIETO,-99.0435,19.3919,-99.0401,19.389
118,3,09DES0117G,GABRIELA MISTRAL,100,09DPR0980H,EMPERADOR ITZCOATL,-99.0435,19.3919,-99.0361,19.3777
119,3,09DES0117G,GABRIELA MISTRAL,100,09PPR0844I,IXTLAMACHILIZTLI,-99.0435,19.3919,-99.034189,19.389224
120,3,09DES0117G,GABRIELA MISTRAL,100,09DPR0963R,PINTOR GERARDO MURILLO,-99.0435,19.3919,-99.0432,19.3926
121,3,09DES0117G,GABRIELA MISTRAL,100,09DPR0963R,PINTOR GERARDO MURILLO,-99.0435,19.3919,-99.0432,19.3926
122,3,09DES0117G,GABRIELA MISTRAL,100,09DPR2109S,LEOPOLDO KIEL,-99.0435,19.3919,-99.0411,19.3902
123,3,09DES0117G,GABRIELA MISTRAL,100,09DPR2805P,ISIDRO FABELA,-99.0435,19.3919,-99.0251,19.3803
124,3,09DES0117G,GABRIELA MISTRAL,100,09DPR2110H,LEOPOLDO KIEL,-99.0435,19.3919,-99.0411,19.3902
125,3,09DES0117G,GABRIELA MISTRAL,100,09DPR1002T,PROFR. BRAULIO RODRÍGUEZ,-99.0435,19.3919,-99.0301,19.3837
126,3,09DES0117G,GABRIELA MISTRAL,100,09DPR3192O,BRUNO TRAVEN,-99.0435,19.3919,-99.0498,19.396
127,3,09DES0117G,GABRIELA MISTRAL,100,09DPR2913X,GUILLERMO PRIETO,-99.0435,19.3919,-99.0401,19.389
128,3,09DES0117G,GABRIELA MISTRAL,100,09DPR2109S,LEOPOLDO KIEL,-99.0435,19.3919,-99.0411,19.3902
129,3,09DES0117G,GABRIELA MISTRAL,100,09DPR3213K,PROFR. PRISCILIANO MARTÍNEZ LÓPEZ,-99.0435,19.3919,-99.0542,19.3978
130,3,09DES0117G,GABRIELA MISTRAL,100,09DPR1010B,VOCEADORES DE MÉXICO,-99.0435,19.3919,-99.0327,19.3878
131,3,09DES0117G,GABRIELA MISTRAL,100,09DPR3150P,AUGUSTO COMTE,-99.0435,19.3919,-99.0693,19.3913
132,3,09DES0117G,GABRIELA MISTRAL,100,09DPR2110H,LEOPOLDO KIEL,-99.0435,19.3919,-99.0411,19.3902
133,3,09DES0117G,GABRIELA MISTRAL,100,09DPR0839S,MURALISMO MEXICANO,-99.0435,19.3919,-99.0566,19.3546
134,3,09DES0117G,GABRIELA MISTRAL,100,09DPR0963R,PINTOR GERARDO MURILLO,-99.0435,19.3919,-99.0432,19.3926
135,3,09DES0117G,GABRIELA MISTRAL,100,09DPR2109S,LEOPOLDO KIEL,-99.0435,19.3919,-99.0411,19.3902
136,3,09DES0117G,GABRIELA MISTRAL,100,09DPR2805P,ISIDRO FABELA,-99.0435,19.3919,-99.0251,19.3803
137,3,09DES0117G,GABRIELA MISTRAL,100,09DPR3213K,PROFR. PRISCILIANO MARTÍNEZ LÓPEZ,-99.0435,19.3919,-99.0542,19.3978
138,3,09DES0117G,GABRIELA MISTRAL,100,09DPR1020I,AUGUSTO CESAR SANDINO,-99.0435,19.3919,-99.0641,19.4175
139,3,09DES0117G,GABRIELA MISTRAL,100,09DPR2262M,ESTADO DE LESOTHO,-99.0435,19.3919,-99.0479,19.3947
140,3,09DES0117G,GABRIELA MISTRAL,100,09DPR2109S,LEOPOLDO KIEL,-99.0435,19.3919,-99.0411,19.3902
141,3,09DES0117G,GABRIELA MISTRAL,100,09DPR2913X,GUILLERMO PRIETO,-99.0435,19.3919,-99.0401,19.389
142,3,09DES0117G,GABRIELA MISTRAL,100,09PPR0397S,NARCISO MENDOZA,-99.0435,19.3919,-99.026057,19.385624
143,3,09DES0117G,GABRIELA MISTRAL,100,09DPR2940U,PROFRA. CARMEN RAMOS DEL RIO,-99.0435,19.3919,-99.0524,19.3866
144,3,09DES0117G,GABRIELA MISTRAL,100,09DPR2110H,LEOPOLDO KIEL,-99.0435,19.3919,-99.0411,19.3902
145,3,09DES0117G,GABRIELA MISTRAL,100,09DPR0963R,PINTOR GERARDO MURILLO,-99.0435,19.3919,-99.0432,19.3926
146,3,09DES0117G,GABRIELA MISTRAL,100,09DPR1010B,VOCEADORES DE MÉXICO,-99.0435,19.3919,-99.0327,19.3878
147,3,09DES0117G,GABRIELA MISTRAL,100,09DPR1076K,JOSÉ MARÍA MERCADO,-99.0435,19.3919,-99.0486,19.3951
148,3,09DES0117G,GABRIELA MISTRAL,100,09DPR0050W,PROFR. LUIS G. RAMÍREZ VALADEZ,-99.0435,19.3919,-99.065,19.3742
149,3,09DES0117G,GABRIELA MISTRAL,100,09DPR2109S,LEOPOLDO KIEL,-99.0435,19.3919,-99.0411,19.3902
150,3,09DES0117G,GABRIELA MISTRAL,100,09DPR2109S,LEOPOLDO KIEL,-99.0435,19.3919,-99.0411,19.3902
151,3,09DES0117G,GABRIELA MISTRAL,100,09DPR2913X,GUILLERMO PRIETO,-99.0435,19.3919,-99.0401,19.389
152,3,09DES0117G,GABRIELA MISTRAL,100,09DPR2907M,DR. IGNACIO CHÁVEZ,-99.0435,19.3919,-99.0358,19.3818
153,3,09DES0117G,GABRIELA MISTRAL,100,09DPR1013Z,U. R. S. S.,-99.0435,19.3919,-99.0573,19.3936
154,3,09DES0117G,GABRIELA MISTRAL,100,09DPR2913X,GUILLERMO PRIETO,-99.0435,19.3919,-99.0401,19.389
155,3,09DES0117G,GABRIELA MISTRAL,100,09PPR0844I,IXTLAMACHILIZTLI,-99.0435,19.3919,-99.034189,19.389224
156,3,09DES0117G,GABRIELA MISTRAL,100,09DPR2926A,RAZON Y FUERZA DE LA REVOLUCION MEXICANA,-99.0435,19.3919,-98.989,19.3476
157,3,09DES0117G,GABRIELA MISTRAL,100,09DPR0102L,EFRAIN HUERTA,-99.0435,19.3919,-99.0707,19.2962
158,3,09DES0132Z,JAPON,500,09DPR5116W,LUCIO CABAÑAS BARRIENTOS,-99.0485,19.3414,-99.0396,19.3217
159,3,09DES0132Z,JAPON,500,09DPR3155K,PROFR. MANUEL VILLASEÑOR,-99.0485,19.3414,-99.0501,19.3343
160,3,09DES0132Z,JAPON,500,09DPR4203K,MÉXICO-JAPÓN,-99.0485,19.3414,-99.0496,19.3243
161,3,09DES0132Z,JAPON,500,09DPR2904P,REPÚBLICA POPULAR DE POLONIA,-99.0485,19.3414,-99.0389,19.3453
162,3,09DES0132Z,JAPON,500,09DPR2271U,LOS DERECHOS DEL NIÑO,-99.0485,19.3414,-99.03,19.345
163,3,09DES0132Z,JAPON,500,09DPR4203K,MÉXICO-JAPÓN,-99.0485,19.3414,-99.0496,19.3243
164,3,09DES0132Z,JAPON,500,09DPR2893Z,MAESTRO MANUEL M CERNA CASTELAZO,-99.0485,19.3414,-99.1241,19.3839
165,3,09DES0132Z,JAPON,500,09PPR1019Y,LICEO HERBART S.C.,-99.0485,19.3414,-99.04944,19.338622
166,3,09DES0132Z,JAPON,500,09DPR1321E,EL AMO TORRES,-99.0485,19.3414,-99.0412,19.3419
167,3,09DES0132Z,JAPON,500,09DPR0108F,PROFR. MANUEL AGUILAR SAENZ,-99.0485,19.3414,-99.0544,19.3522
168,3,09DES0132Z,JAPON,500,09DPR1321E,EL AMO TORRES,-99.0485,19.3414,-99.0412,19.3419
169,3,09DES0132Z,JAPON,500,09PPR1422H,COLEGIO USIGLI S.C.,-99.0485,19.3414,-99.034829,19.35432
170,3,09DES0132Z,JAPON,500,09DPR1295X,GREGORIO MARÍAS,-99.0485,19.3414,-99.0403,19.34
171,3,09DES0132Z,JAPON,500,09DPR3212L,GENOVEVA CORTES,-99.0485,19.3414,-99.0418,19.3349
172,3,09DES0132Z,JAPON,500,09DPR0019M,DANIEL COSIO VILLEGAS,-99.0485,19.3414,-99.0379,19.3123
173,3,09DES0132Z,JAPON,500,09DPR0858G,PROFR. ANGEL SALAS BONILLA,-99.0485,19.3414,-99.04,19.3405
174,3,09DES0132Z,JAPON,500,09PPR1147T,COLEGIO CELESTIN FREINET,-99.0485,19.3414,-99.06017,19.345553
175,3,09DES0132Z,JAPON,500,09DPR3082I,PROFR. VICTORIANO GONZÁLEZ GARZON,-99.0485,19.3414,-99.0587,19.4313
176,3,09DES0132Z,JAPON,500,09DPR1146P,ALBINO GARCÍA,-99.0485,19.3414,-99.038,19.345
177,3,09DES0132Z,JAPON,500,09DPR4203K,MÉXICO-JAPÓN,-99.0485,19.3414,-99.0496,19.3243
178,3,09DES0132Z,JAPON,500,09DPR5057X,PROFR. JOSÉ SANTOS VALDES,-99.0485,19.3414,-99.0418,19.3182
179,3,09DES0132Z,JAPON,500,09DPR1223D,REPÚBLICA DE BRASIL,-99.0485,19.3414,-99.0469,19.3491
180,3,09DES0132Z,JAPON,500,09DPR5114Y,LUCIO CABAÑAS BARRIENTOS,-99.0485,19.3414,-99.0396,19.3217
181,3,09DES0132Z,JAPON,500,09DPR5076L,LOS SIMBOLOS PATRIOS,-99.0485,19.3414,-99.025,19.3338
182,3,09DES0132Z,JAPON,500,09DPR5076L,LOS SIMBOLOS PATRIOS,-99.0485,19.3414,-99.025,19.3338
183,3,09DES0132Z,JAPON,500,09DPR1223D,REPÚBLICA DE BRASIL,-99.0485,19.3414,-99.0469,19.3491
184,3,09DES0132Z,JAPON,500,09DPR1296W,GREGORIO MARÍAS,-99.0485,19.3414,-99.0403,19.34
185,3,09DES0132Z,JAPON,500,09DPR4203K,MÉXICO-JAPÓN,-99.0485,19.3414,-99.0496,19.3243
186,3,09DES0132Z,JAPON,500,09DPR0005J,PROFR. ANTONIO CEDEÑO,-99.0485,19.3414,-99.051,19.3297
187,3,09DES0132Z,JAPON,500,09DPR0871A,JOSÉ VASCONCELOS,-99.0485,19.3414,-99.0591,19.3422
188,3,09DES0132Z,JAPON,500,09DPR0913J,LIC. ALFREDO V. BONFIL,-99.0485,19.3414,-99.0897,19.3915
189,3,09DES0132Z,JAPON,500,09DPR2301Y,FUERZAS ARMADAS DE MÉXICO,-99.0485,19.3414,-99.1623,19.2782
190,3,09DES0132Z,JAPON,500,09DPR0108F,PROFR. MANUEL AGUILAR SAENZ,-99.0485,19.3414,-99.0544,19.3522
191,3,09DES0132Z,JAPON,500,09DPR5049O,WILFRIDO MASSIEU,-99.0485,19.3414,-99.0622,19.3575
192,3,09DES0132Z,JAPON,500,09DPR1273L,JOSÉ MARIANO JIMÉNEZ,-99.0485,19.3414,-99.0429,19.3462
193,3,09DES0132Z,JAPON,500,09DPR0861U,30 DE ABRIL,-99.0485,19.3414,-99.0732,19.3541
194,3,09DES0132Z,JAPON,500,09DPR2916U,CERRO DE LA ESTRELLA,-99.0485,19.3414,-99.1024,19.3454
195,3,09DES0132Z,JAPON,500,09DPR2271U,LOS DERECHOS DEL NIÑO,-99.0485,19.3414,-99.03,19.345
196,3,09DES0132Z,JAPON,500,09DPR2904P,REPÚBLICA POPULAR DE POLONIA,-99.0485,19.3414,-99.0389,19.3453
197,3,09DES0132Z,JAPON,500,09DPR2743T,ANDRÉS MOLINA ENRIQUEZ,-99.0485,19.3414,-99.0226,19.3426
198,3,09DES0132Z,JAPON,500,09DPR5074N,PROFR. JOSÉ SANTOS VALDES,-99.0485,19.3414,-99.0418,19.3182
199,3,09DES0132Z,JAPON,500,09DPR2505S,DR. AGUSTIN RIVERA,-99.0485,19.3414,-99.1451,19.4273
200,3,09DES0132Z,JAPON,500,09PPR1779F,CENTRO ESCOLAR ABRAHAM LINCOLN,-99.0485,19.3414,-99.067538,19.397174
201,3,09DES0132Z,JAPON,500,09DPR2090K,REPÚBLICA DE MADAGASCAR,-99.0485,19.3414,-99.0518,19.347
202,3,09DES0132Z,JAPON,500,09PPR1163K,INSTITUTO EDUCATIVO LIBERTAD,-99.0485,19.3414,-99.03721389,19.34143889
203,3,09DES0132Z,JAPON,500,09DPR1146P,ALBINO GARCÍA,-99.0485,19.3414,-99.038,19.345
204,3,09DES0132Z,JAPON,500,09DPR3022U,FELIX F. PALAVICINI,-99.0485,19.3414,-99.0587,19.3483
205,3,09DES0132Z,JAPON,500,09DPR1322D,EL AMO TORRES,-99.0485,19.3414,-99.0412,19.3419
206,3,09DES0132Z,JAPON,500,09DPR3022U,FELIX F. PALAVICINI,-99.0485,19.3414,-99.0587,19.3483
207,3,09DES0132Z,JAPON,500,09DPR0127U,PROFR. JOSÉ GONZÁLEZ VILLASEÑOR,-99.0485,19.3414,-99.038,19.332
208,3,09DES0132Z,JAPON,500,09DPR4203K,MÉXICO-JAPÓN,-99.0485,19.3414,-99.0496,19.3243
209,3,09DES0132Z,JAPON,500,09DPR4203K,MÉXICO-JAPÓN,-99.0485,19.3414,-99.0496,19.3243
210,3,09DES0132Z,JAPON,500,09DPR0103K,PROFR. ANTONIO CEDEÑO,-99.0485,19.3414,-99.051,19.3297
211,3,09DES0132Z,JAPON,500,09DPR0858G,PROFR. ANGEL SALAS BONILLA,-99.0485,19.3414,-99.04,19.3405
212,3,09DES0132Z,JAPON,500,09DPR5114Y,LUCIO CABAÑAS BARRIENTOS,-99.0485,19.3414,-99.0396,19.3217
213,3,09DES0132Z,JAPON,500,09DPR1223D,REPÚBLICA DE BRASIL,-99.0485,19.3414,-99.0469,19.3491
214,3,09DES0132Z,JAPON,500,09DPR0112S,PROFR. RAMIRO SÁNCHEZ LÓPEZ,-99.0485,19.3414,-99.0275,19.3308
215,3,09DES0132Z,JAPON,500,09DPR1321E,EL AMO TORRES,-99.0485,19.3414,-99.0412,19.3419
216,3,09DES0132Z,JAPON,500,09DPR4511Q,REPÚBLICA ARABE DE EGIPTO,-99.0485,19.3414,-99.0378,19.3209
217,3,09DES0132Z,JAPON,500,09DPR4186K,PROFR. MARCELINO RENTERIA,-99.0485,19.3414,-99.0537,19.3267
218,3,09DES0132Z,JAPON,500,09DPR2021O,MAESTRO FELIX JIMÉNEZ NÁJERA,-99.0485,19.3414,-98.9947,19.2481
219,3,09DES0132Z,JAPON,500,09DPR2904P,REPÚBLICA POPULAR DE POLONIA,-99.0485,19.3414,-99.0389,19.3453
220,3,09DES0132Z,JAPON,500,09DPR4203K,MÉXICO-JAPÓN,-99.0485,19.3414,-99.0496,19.3243
221,3,09DES0132Z,JAPON,500,09DPR1295X,GREGORIO MARÍAS,-99.0485,19.3414,-99.0403,19.34
222,3,09DES0132Z,JAPON,500,09DPR5042V,MACUILXOCHITZIN,-99.0485,19.3414,-99.027,19.3281
223,3,09DES0132Z,JAPON,500,09PPR1163K,INSTITUTO EDUCATIVO LIBERTAD,-99.0485,19.3414,-99.03721389,19.34143889
224,3,09DES0132Z,JAPON,500,09DPR2865D,GENOVEVA CORTES,-99.0485,19.3414,-99.0418,19.3349
225,3,09DES0132Z,JAPON,500,09DPR2272T,LOS DERECHOS DEL NIÑO,-99.0485,19.3414,-99.03,19.345
226,3,09DES0132Z,JAPON,500,09DPR2895Y,REPÚBLICA COSTA DE MARFIL,-99.0485,19.3414,-99.1063,19.3893
227,3,09DES0132Z,JAPON,500,09DPR0871A,JOSÉ VASCONCELOS,-99.0485,19.3414,-99.0591,19.3422
228,3,09DES0132Z,JAPON,500,09DPR0836V,PROFR. ANGEL SALAS BONILLA,-99.0485,19.3414,-99.04,19.3405
229,3,09DES0132Z,JAPON,500,09DPR1321E,EL AMO TORRES,-99.0485,19.3414,-99.0412,19.3419
230,3,09DES0132Z,JAPON,500,09DPR2531Q,ANIBAL PONCE,-99.0485,19.3414,-99.0191,19.336
231,3,09DES0317E,OCTAVIO PAZ,700,09DIX0017P,FRANCISCO I. MADERO,-99.0051,19.3407,-99.116,19.4432
232,3,09DES0317E,OCTAVIO PAZ,700,09DPR0112S,PROFR. RAMIRO SÁNCHEZ LÓPEZ,-99.0051,19.3407,-99.0275,19.3308
233,3,09DES0317E,OCTAVIO PAZ,700,09DPR3263S,PROFR. GAUDENCIO PERAZA,-99.0051,19.3407,-98.9897,19.3481
234,3,09DES0317E,OCTAVIO PAZ,700,09DPR2531Q,ANIBAL PONCE,-99.0051,19.3407,-99.0191,19.336
235,3,09DES0317E,OCTAVIO PAZ,700,09DPR5105Q,JAIME SABINES,-99.0051,19.3407,-99.0039,19.3329
236,3,09DES0317E,OCTAVIO PAZ,700,09DPR5105Q,JAIME SABINES,-99.0051,19.3407,-99.0039,19.3329
237,3,09DES0317E,OCTAVIO PAZ,700,09PPR0934A,AGUSTIN ANFOSSI,-99.0051,19.3407,-99.010507,19.348275
238,3,09DES0317E,OCTAVIO PAZ,700,09DPR4108G,JOSÉ MA. RODRÍGUEZ COS,-99.0051,19.3407,-99.0448,19.3281
239,3,09DES0317E,OCTAVIO PAZ,700,09DPR5123F,MANUEL GONZÁLEZ FLORES,-99.0051,19.3407,-99.0094,19.3369
240,3,09DES0317E,OCTAVIO PAZ,700,09DPR3024S,ANIBAL PONCE,-99.0051,19.3407,-99.0191,19.336
241,3,09DES0317E,OCTAVIO PAZ,700,09DPR4517K,UGANDA,-99.0051,19.3407,-98.9911,19.3367
242,3,09DES0317E,OCTAVIO PAZ,700,09DPR5062I,ACAHUALTEPEC,-99.0051,19.3407,-99.0091,19.3426
243,3,09DES0317E,OCTAVIO PAZ,700,09DPR5105Q,JAIME SABINES,-99.0051,19.3407,-99.0039,19.3329
244,3,09DES0317E,OCTAVIO PAZ,700,09DPR2926A,RAZON Y FUERZA DE LA REVOLUCION MEXICANA,-99.0051,19.3407,-98.989,19.3476
245,3,09DES0317E,OCTAVIO PAZ,700,09DPR5052B,ACAHUALTEPEC,-99.0051,19.3407,-99.0091,19.3426
246,3,09DES0317E,OCTAVIO PAZ,700,09DPR0113R,J. CONCEPCIÓN RIVERA,-99.0051,19.3407,-99.0313,19.3563
247,3,09DES0317E,OCTAVIO PAZ,700,09DPR1332K,CUAUHTÉMOC,-99.0051,19.3407,-99.0241,19.3555
248,3,09DES0318D,XALPA,700,09DPR3023T,PROFR. EMILIANO NEGRETE LÓPEZ,-99.0166,19.3449,-99.0224,19.3418
249,3,09DES0318D,XALPA,700,09DPR1146P,ALBINO GARCÍA,-99.0166,19.3449,-99.038,19.345
250,3,09DES0318D,XALPA,700,09DPR3296J,MANUEL RIVERA CAMBAS,-99.0166,19.3449,-99.0199,19.3297
251,3,09DES0318D,XALPA,700,09DPR3023T,PROFR. EMILIANO NEGRETE LÓPEZ,-99.0166,19.3449,-99.0224,19.3418
252,3,09DES0318D,XALPA,700,09DPR3058I,PROFR. EMILIANO NEGRETE LÓPEZ,-99.0166,19.3449,-99.0224,19.3418
253,3,09DES0318D,XALPA,700,09DPR2680Y,HERMANOS SERDAN,-99.0166,19.3449,-99.0126,19.3447
254,3,09DES0318D,XALPA,700,09DPR2920G,REPÚBLICA SOCIALISTA DE VIETNAM,-99.0166,19.3449,-99.0176,19.339
255,3,09DES0318D,XALPA,700,09DPR2920G,REPÚBLICA SOCIALISTA DE VIETNAM,-99.0166,19.3449,-99.0176,19.339
256,3,09DES0318D,XALPA,700,09DPR5105Q,JAIME SABINES,-99.0166,19.3449,-99.0039,19.3329
257,3,09DES0318D,XALPA,700,09DPR3024S,ANIBAL PONCE,-99.0166,19.3449,-99.0191,19.336
258,3,09DES0318D,XALPA,700,09DPR3108Z,RICARDO GARCÍA ZAMUDIO,-99.0166,19.3449,-99.0077,19.348
259,3,09DES0318D,XALPA,700,09DPR5140W,GUSTAVO BAZ PRADA,-99.0166,19.3449,-99.2301,19.2726
260,3,09DES0318D,XALPA,700,09DPR2281A,MAHATMA GANDHI,-99.0166,19.3449,-99.0747,19.3556
261,3,09DES0318D,XALPA,700,09DPR2091J,GUADALUPE CENICEROS DE PÉREZ ZAVALETA,-99.0166,19.3449,-99.0584,19.3506
262,3,09DES0318D,XALPA,700,09DPR2284Y,REPÚBLICA DE IRAK,-99.0166,19.3449,-99.1197,19.36
263,3,09DES0318D,XALPA,700,09DPR2531Q,ANIBAL PONCE,-99.0166,19.3449,-99.0191,19.336
264,3,09DES0318D,XALPA,700,09DPR2799V,JOSÉ ORTEGA Y GASSET,-99.0166,19.3449,-99.0126,19.3453
265,3,09DES0318D,XALPA,700,09DPR1307L,ESTADO DE MORELOS,-99.0166,19.3449,-99.0116,19.3621
266,3,09DES0318D,XALPA,700,09DPR2653A,JOSÉ ORTEGA Y GASSET,-99.0166,19.3449,-99.0126,19.3453
267,3,09DES0318D,XALPA,700,09DPR2680Y,HERMANOS SERDAN,-99.0166,19.3449,-99.0126,19.3447
268,3,09DES0318D,XALPA,700,09DPR2920G,REPÚBLICA SOCIALISTA DE VIETNAM,-99.0166,19.3449,-99.0176,19.339
269,3,09DES0318D,XALPA,700,09DPR5123F,MANUEL GONZÁLEZ FLORES,-99.0166,19.3449,-99.0094,19.3369
270,3,09DES0318D,XALPA,700,09DPR5076L,LOS SIMBOLOS PATRIOS,-99.0166,19.3449,-99.025,19.3338
271,3,09DES0318D,XALPA,700,09DPR2833L,REPÚBLICA POPULAR SOCIALISTA DE ALBANIA,-99.0166,19.3449,-99.0252,19.3554
272,3,09DES0318D,XALPA,700,09DPR2926A,RAZON Y FUERZA DE LA REVOLUCION MEXICANA,-99.0166,19.3449,-98.989,19.3476
273,3,09DES0318D,XALPA,700,09DPR4001O,PROFR. FELIPE LÓPEZ,-99.0166,19.3449,-99.0238,19.3339
274,3,09DES0318D,XALPA,700,09DPR2799V,JOSÉ ORTEGA Y GASSET,-99.0166,19.3449,-99.0126,19.3453
275,3,09DES0318D,XALPA,700,09DPR3296J,MANUEL RIVERA CAMBAS,-99.0166,19.3449,-99.0199,19.3297
276,3,09DES0318D,XALPA,700,09DPR2841U,PROFRA. MA. DE LA LUZ MERCADO MENDEZ,-99.0166,19.3449,-99.052,19.3539
277,3,09DES1000O,ESCUELA SECUNDARIA ANEXA A LA NORMAL SUPERIOR DE MÉXICO,100,09DPR1713S,FRANCISCO SANTOYO MALDONADO,-99.1616,19.4426,-99.182,19.4522
278,3,09DES1000O,ESCUELA SECUNDARIA ANEXA A LA NORMAL SUPERIOR DE MÉXICO,100,09PPR1349P,COLEGIO BILINGÜE SAINT MARY,-99.1616,19.4426,-99.157883,19.444733
279,3,09DES1000O,ESCUELA SECUNDARIA ANEXA A LA NORMAL SUPERIOR DE MÉXICO,100,09PPR0236F,RENACIMIENTO,-99.1616,19.4426,-99.17993,19.44613
280,3,09DES1000O,ESCUELA SECUNDARIA ANEXA A LA NORMAL SUPERIOR DE MÉXICO,100,09DPR1839Z,"ESC. PRIM. ANEXA A LA BENM ""LUIS HIDALGO MONROY""",-99.1616,19.4426,-99.1682,19.4453
281,3,09DES1000O,ESCUELA SECUNDARIA ANEXA A LA NORMAL SUPERIOR DE MÉXICO,100,09DPR1516R,REPÚBLICA MEXICANA,-99.1616,19.4426,-99.1541,19.5185
282,3,09DES1000O,ESCUELA SECUNDARIA ANEXA A LA NORMAL SUPERIOR DE MÉXICO,100,09DPR1335H,BENITO JUÁREZ,-99.1616,19.4426,-99.1596,19.4098
283,3,09DES1000O,ESCUELA SECUNDARIA ANEXA A LA NORMAL SUPERIOR DE MÉXICO,100,09DPR1114X,JUAN TELLEZ VARGAS,-99.1616,19.4426,-99.149,19.445
284,3,09DES1000O,ESCUELA SECUNDARIA ANEXA A LA NORMAL SUPERIOR DE MÉXICO,100,09DPR1134K,I.S.S.S.T.E.,-99.1616,19.4426,-99.1471,19.4561
285,3,09DES1000O,ESCUELA SECUNDARIA ANEXA A LA NORMAL SUPERIOR DE MÉXICO,100,09DPR1495V,DR. ATL,-99.1616,19.4426,-99.145,19.4858
286,3,09DES1000O,ESCUELA SECUNDARIA ANEXA A LA NORMAL SUPERIOR DE MÉXICO,100,09DPR1335H,BENITO JUÁREZ,-99.1616,19.4426,-99.1596,19.4098
287,3,09DES1000O,ESCUELA SECUNDARIA ANEXA A LA NORMAL SUPERIOR DE MÉXICO,100,09PPR1607N,INSTITUTO BILINGÜE VICTORIA GAMA,-99.1616,19.4426,-99.164577,19.434887
288,3,09DES1000O,ESCUELA SECUNDARIA ANEXA A LA NORMAL SUPERIOR DE MÉXICO,100,09DPR2144Y,MARGARITA MAZA DE JUÁREZ,-99.1616,19.4426,-99.1595,19.439
289,3,09DES1000O,ESCUELA SECUNDARIA ANEXA A LA NORMAL SUPERIOR DE MÉXICO,100,09DPR2427E,ESTADO DE VERACRUZ,-99.1616,19.4426,-99.1458,19.4405
290,3,09DES1000O,ESCUELA SECUNDARIA ANEXA A LA NORMAL SUPERIOR DE MÉXICO,100,09DPR1335H,BENITO JUÁREZ,-99.1616,19.4426,-99.1596,19.4098
291,3,09DES1000O,ESCUELA SECUNDARIA ANEXA A LA NORMAL SUPERIOR DE MÉXICO,100,09DPR2414A,EZEQUIEL A. CHAVEZ,-99.1616,19.4426,-99.1615,19.4485
292,3,09DES1000O,ESCUELA SECUNDARIA ANEXA A LA NORMAL SUPERIOR DE MÉXICO,100,09DPR1839Z,"ESC. PRIM. ANEXA A LA BENM ""LUIS HIDALGO MONROY""",-99.1616,19.4426,-99.1682,19.4453
293,3,09DES1000O,ESCUELA SECUNDARIA ANEXA A LA NORMAL SUPERIOR DE MÉXICO,100,09DPR1691X,OROZCO Y BERRA,-99.1616,19.4426,-99.1795,19.4574
294,3,09DES1000O,ESCUELA SECUNDARIA ANEXA A LA NORMAL SUPERIOR DE MÉXICO,100,09DPR2321L,IGNACIO M. ALTAMIRANO,-99.1616,19.4426,-99.147,19.4394
295,3,09DES1000O,ESCUELA SECUNDARIA ANEXA A LA NORMAL SUPERIOR DE MÉXICO,100,09DPR2141A,MIGUEL HIDALGO,-99.1616,19.4426,-99.1782,19.455
296,3,09DES1000O,ESCUELA SECUNDARIA ANEXA A LA NORMAL SUPERIOR DE MÉXICO,100,09DPR2432Q,FRAY MELCHOR DE TALAMANTES,-99.1616,19.4426,-99.147,19.4533
297,3,09DES1000O,ESCUELA SECUNDARIA ANEXA A LA NORMAL SUPERIOR DE MÉXICO,100,09PPR0245N,INSTITUTO MORELOS,-99.1616,19.4426,-99.18584,19.458574
298,3,09DES1000O,ESCUELA SECUNDARIA ANEXA A LA NORMAL SUPERIOR DE MÉXICO,100,09DPR2432Q,FRAY MELCHOR DE TALAMANTES,-99.1616,19.4426,-99.147,19.4533
299,3,09DES1000O,ESCUELA SECUNDARIA ANEXA A LA NORMAL SUPERIOR DE MÉXICO,100,09DPR2503U,ESPAÑA,-99.1616,19.4426,-99.132,19.4265
300,3,09DES1000O,ESCUELA SECUNDARIA ANEXA A LA NORMAL SUPERIOR DE MÉXICO,100,09DPR1630J,REPÚBLICA DE COREA,-99.1616,19.4426,-99.1727,19.4741
301,3,09DES1000O,ESCUELA SECUNDARIA ANEXA A LA NORMAL SUPERIOR DE MÉXICO,100,09DPR1338E,PADRE MIER,-99.1616,19.4426,-99.1656,19.4351
302,3,09DES1000O,ESCUELA SECUNDARIA ANEXA A LA NORMAL SUPERIOR DE MÉXICO,100,09DPR2354C,REPÚBLICA DE ARGENTINA,-99.1616,19.4426,-99.1314,19.4397
303,3,09DES1000O,ESCUELA SECUNDARIA ANEXA A LA NORMAL SUPERIOR DE MÉXICO,100,09PPR1650B,COLEGIO DEL VALLE,-99.1616,19.4426,-99.165408,19.395934
304,3,09DES1000O,ESCUELA SECUNDARIA ANEXA A LA NORMAL SUPERIOR DE MÉXICO,100,09DPR1355V,JAIME TORRES BODET,-99.1616,19.4426,-99.108,19.4582
305,3,09DES1000O,ESCUELA SECUNDARIA ANEXA A LA NORMAL SUPERIOR DE MÉXICO,100,09DPR1839Z,"ESC. PRIM. ANEXA A LA BENM ""LUIS HIDALGO MONROY""",-99.1616,19.4426,-99.1682,19.4453
306,3,09DES1000O,ESCUELA SECUNDARIA ANEXA A LA NORMAL SUPERIOR DE MÉXICO,100,09PPR0568V,ESCUELA DE LA CIUDAD DE MÉXICO,-99.1616,19.4426,-99.161265,19.447167
307,3,09DES1000O,ESCUELA SECUNDARIA ANEXA A LA NORMAL SUPERIOR DE MÉXICO,100,09DPR1335H,BENITO JUÁREZ,-99.1616,19.4426,-99.1596,19.4098
308,3,09DES1000O,ESCUELA SECUNDARIA ANEXA A LA NORMAL SUPERIOR DE MÉXICO,100,09PPR0412U,COLEGIO MÉXICO,-99.1616,19.4426,-99.158199,19.422495
309,3,09DES1000O,ESCUELA SECUNDARIA ANEXA A LA NORMAL SUPERIOR DE MÉXICO,100,09PPR1224H,COLEGIO ASPEN,-99.1616,19.4426,-99.18122,19.464345
310,3,09DES1000O,ESCUELA SECUNDARIA ANEXA A LA NORMAL SUPERIOR DE MÉXICO,100,09DPR1335H,BENITO JUÁREZ,-99.1616,19.4426,-99.1596,19.4098
311,3,09DES1000O,ESCUELA SECUNDARIA ANEXA A LA NORMAL SUPERIOR DE MÉXICO,100,09DPR1308K,ESTEBAN GARCÍA DE ALBA,-99.1616,19.4426,-99.1205,19.3596
312,3,09DES1000O,ESCUELA SECUNDARIA ANEXA A LA NORMAL SUPERIOR DE MÉXICO,100,09DPR1569W,REPÚBLICA DE CUBA,-99.1616,19.4426,-99.1618,19.452
313,3,09DES1000O,ESCUELA SECUNDARIA ANEXA A LA NORMAL SUPERIOR DE MÉXICO,100,09PPR0958K,HORACIO MANN,-99.1616,19.4426,-99.088758,19.411895
314,3,09DES1000O,ESCUELA SECUNDARIA ANEXA A LA NORMAL SUPERIOR DE MÉXICO,100,09DPR0940G,LUIS CABRERA,-99.1616,19.4426,-99.1151,19.4124
315,3,09DES1000O,ESCUELA SECUNDARIA ANEXA A LA NORMAL SUPERIOR DE MÉXICO,100,09DPR1839Z,"ESC. PRIM. ANEXA A LA BENM ""LUIS HIDALGO MONROY""",-99.1616,19.4426,-99.1682,19.4453
316,3,09DES1000O,ESCUELA SECUNDARIA ANEXA A LA NORMAL SUPERIOR DE MÉXICO,100,09DPR1572J,ESTADO DE JALISCO,-99.1616,19.4426,-99.1506,19.4755
317,3,09DES1000O,ESCUELA SECUNDARIA ANEXA A LA NORMAL SUPERIOR DE MÉXICO,100,09DPR1839Z,"ESC. PRIM. ANEXA A LA BENM ""LUIS HIDALGO MONROY""",-99.1616,19.4426,-99.1682,19.4453
318,3,09DES1000O,ESCUELA SECUNDARIA ANEXA A LA NORMAL SUPERIOR DE MÉXICO,100,09PPR0041T,HISPANO AMERICANO,-99.1616,19.4426,-99.15616,19.44947
319,3,09DES1000O,ESCUELA SECUNDARIA ANEXA A LA NORMAL SUPERIOR DE MÉXICO,100,09DPR1785L,VASCO DE QUIROGA,-99.1616,19.4426,-99.2396,19.3828
320,3,09DES1000O,ESCUELA SECUNDARIA ANEXA A LA NORMAL SUPERIOR DE MÉXICO,100,09PPR0920Y,COLEGIO SIGLO XXI,-99.1616,19.4426,-99.165196,19.408196
321,3,09DES1000O,ESCUELA SECUNDARIA ANEXA A LA NORMAL SUPERIOR DE MÉXICO,100,09DPR1366A,MAESTRO MANUEL BORJA SORIANO,-99.1616,19.4426,-99.1385,19.4928
322,3,09DES1000O,ESCUELA SECUNDARIA ANEXA A LA NORMAL SUPERIOR DE MÉXICO,100,09DPR2509O,ANDRES BELLO,-99.1616,19.4426,-99.154,19.4471
323,3,09DES1000O,ESCUELA SECUNDARIA ANEXA A LA NORMAL SUPERIOR DE MÉXICO,100,09PPR1470R,EL TESORO DEL SABER,-99.1616,19.4426,-99.105687,19.453444
324,3,09DES1000O,ESCUELA SECUNDARIA ANEXA A LA NORMAL SUPERIOR DE MÉXICO,100,09DPR2478L,LUIS MURILLO,-99.1616,19.4426,-99.1365,19.4402
325,3,09DES1000O,ESCUELA SECUNDARIA ANEXA A LA NORMAL SUPERIOR DE MÉXICO,100,09DPR1600P,EL PENSADOR MEXICANO,-99.1616,19.4426,-99.1581,19.4476
326,3,09DES1000O,ESCUELA SECUNDARIA ANEXA A LA NORMAL SUPERIOR DE MÉXICO,100,09DPR1631I,SOTERO PRIETO,-99.1616,19.4426,-99.1772,19.4913
327,3,09DES1000O,ESCUELA SECUNDARIA ANEXA A LA NORMAL SUPERIOR DE MÉXICO,100,09DPR1721A,ESTADO DE HIDALGO,-99.1616,19.4426,-99.1779,19.4434
328,3,09DES1000O,ESCUELA SECUNDARIA ANEXA A LA NORMAL SUPERIOR DE MÉXICO,100,09DPR2529B,ALBERTO CORREA,-99.1616,19.4426,-99.165,19.4188
329,3,09DES1000O,ESCUELA SECUNDARIA ANEXA A LA NORMAL SUPERIOR DE MÉXICO,100,09DPR1366A,MAESTRO MANUEL BORJA SORIANO,-99.1616,19.4426,-99.1385,19.4928
330,3,09DES1000O,ESCUELA SECUNDARIA ANEXA A LA NORMAL SUPERIOR DE MÉXICO,100,09DPR1596T,GRAL. ADALBERTO TEJEDA,-99.1616,19.4426,-99.174,19.4732
331,3,09DES1000O,ESCUELA SECUNDARIA ANEXA A LA NORMAL SUPERIOR DE MÉXICO,100,09DPR1307L,ESTADO DE MORELOS,-99.1616,19.4426,-99.0116,19.3621
332,3,09DES1000O,ESCUELA SECUNDARIA ANEXA A LA NORMAL SUPERIOR DE MÉXICO,100,09DPR1114X,JUAN TELLEZ VARGAS,-99.1616,19.4426,-99.149,19.445
333,3,09DES1000O,ESCUELA SECUNDARIA ANEXA A LA NORMAL SUPERIOR DE MÉXICO,100,09DPR1335H,BENITO JUÁREZ,-99.1616,19.4426,-99.1596,19.4098
334,3,09DES1000O,ESCUELA SECUNDARIA ANEXA A LA NORMAL SUPERIOR DE MÉXICO,100,09DPR2944Q,MÁRTIRES DE TACUBAYA,-99.1616,19.4426,-99.1901,19.4121
335,3,09DES1000O,ESCUELA SECUNDARIA ANEXA A LA NORMAL SUPERIOR DE MÉXICO,100,09DPR1740P,PROFR. ADELAIDO RIOS Y MONTES DE OCA,-99.1616,19.4426,-99.1698,19.4382
336,3,09DES1000O,ESCUELA SECUNDARIA ANEXA A LA NORMAL SUPERIOR DE MÉXICO,100,09PPR0034J,INSTITUTO ANGLO ESPAÑOL,-99.1616,19.4426,-99.1578,19.4375
337,3,09DES1000O,ESCUELA SECUNDARIA ANEXA A LA NORMAL SUPERIOR DE MÉXICO,100,09PPR0994P,COLEGIO LA FAYETTE,-99.1616,19.4426,-99.071531,19.426782
338,3,09DES1000O,ESCUELA SECUNDARIA ANEXA A LA NORMAL SUPERIOR DE MÉXICO,100,09DPR1289M,HEROICOS CADETES,-99.1616,19.4426,-99.1255,19.382
339,3,09DES1000O,ESCUELA SECUNDARIA ANEXA A LA NORMAL SUPERIOR DE MÉXICO,100,09PPR0038F,METROPOLITANA,-99.1616,19.4426,-99.159059,19.447723
340,3,09DES1000O,ESCUELA SECUNDARIA ANEXA A LA NORMAL SUPERIOR DE MÉXICO,100,09DPR1840O,"ESC. PRIM. ANEXA A LA BENM ""GENOVEVA CORTÉS VALLADARES""",-99.1616,19.4426,-99.1682,19.4453
341,3,09DES1000O,ESCUELA SECUNDARIA ANEXA A LA NORMAL SUPERIOR DE MÉXICO,100,09DPR1839Z,"ESC. PRIM. ANEXA A LA BENM ""LUIS HIDALGO MONROY""",-99.1616,19.4426,-99.1682,19.4453
342,3,09DES1000O,ESCUELA SECUNDARIA ANEXA A LA NORMAL SUPERIOR DE MÉXICO,100,09DPR1335H,BENITO JUÁREZ,-99.1616,19.4426,-99.1596,19.4098
343,3,09DES1000O,ESCUELA SECUNDARIA ANEXA A LA NORMAL SUPERIOR DE MÉXICO,100,09DPR1839Z,"ESC. PRIM. ANEXA A LA BENM ""LUIS HIDALGO MONROY""",-99.1616,19.4426,-99.1682,19.4453
344,3,09DES1000O,ESCUELA SECUNDARIA ANEXA A LA NORMAL SUPERIOR DE MÉXICO,100,09PPR0034J,INSTITUTO ANGLO ESPAÑOL,-99.1616,19.4426,-99.1578,19.4375
345,3,09DES1000O,ESCUELA SECUNDARIA ANEXA A LA NORMAL SUPERIOR DE MÉXICO,100,09PPR0034J,INSTITUTO ANGLO ESPAÑOL,-99.1616,19.4426,-99.1578,19.4375
346,3,09DST0113C,ESCUELA SECUNDARIA TÉCNICA 113,100,09DPR5074N,PROFR. JOSÉ SANTOS VALDES,-99.0413,19.3349,-99.0418,19.3182
347,3,09DST0113C,ESCUELA SECUNDARIA TÉCNICA 113,100,09DPR4203K,MÉXICO-JAPÓN,-99.0413,19.3349,-99.0496,19.3243
348,3,09DST0113C,ESCUELA SECUNDARIA TÉCNICA 113,100,09DPR4203K,MÉXICO-JAPÓN,-99.0413,19.3349,-99.0496,19.3243
349,3,09DST0113C,ESCUELA SECUNDARIA TÉCNICA 113,100,09DPR1321E,EL AMO TORRES,-99.0413,19.3349,-99.0412,19.3419
350,3,09DST0113C,ESCUELA SECUNDARIA TÉCNICA 113,100,09DPR4204J,MÉXICO-JAPÓN,-99.0413,19.3349,-99.0496,19.3243
351,3,09DST0113C,ESCUELA SECUNDARIA TÉCNICA 113,100,09DPR5057X,PROFR. JOSÉ SANTOS VALDES,-99.0413,19.3349,-99.0418,19.3182
352,3,09DST0113C,ESCUELA SECUNDARIA TÉCNICA 113,100,09DPR5114Y,LUCIO CABAÑAS BARRIENTOS,-99.0413,19.3349,-99.0396,19.3217
353,3,09DST0113C,ESCUELA SECUNDARIA TÉCNICA 113,100,09DPR4203K,MÉXICO-JAPÓN,-99.0413,19.3349,-99.0496,19.3243
354,3,09DST0113C,ESCUELA SECUNDARIA TÉCNICA 113,100,09DPR2131U,MTRO. ENRIQUE C. REBSAMEN,-99.0413,19.3349,-99.079,19.4978
355,3,09DST0113C,ESCUELA SECUNDARIA TÉCNICA 113,100,09DPR4510R,REPÚBLICA ARABE DE EGIPTO,-99.0413,19.3349,-99.0378,19.3209
356,3,09DST0113C,ESCUELA SECUNDARIA TÉCNICA 113,100,09DPR4203K,MÉXICO-JAPÓN,-99.0413,19.3349,-99.0496,19.3243
357,3,09DST0113C,ESCUELA SECUNDARIA TÉCNICA 113,100,09DPR4108G,JOSÉ MA. RODRÍGUEZ COS,-99.0413,19.3349,-99.0448,19.3281
358,3,09DST0113C,ESCUELA SECUNDARIA TÉCNICA 113,100,09DPR0141N,PROFR. JOSÉ GONZÁLEZ VILLASEÑOR,-99.0413,19.3349,-99.038,19.332
359,3,09DST0113C,ESCUELA SECUNDARIA TÉCNICA 113,100,09DPR0006I,JOSÉ MA. RODRÍGUEZ COS,-99.0413,19.3349,-99.0448,19.3281
360,3,09DST0113C,ESCUELA SECUNDARIA TÉCNICA 113,100,09DPR5116W,LUCIO CABAÑAS BARRIENTOS,-99.0413,19.3349,-99.0396,19.3217
361,3,09DST0113C,ESCUELA SECUNDARIA TÉCNICA 113,100,09DPR5025E,PROFR. JESÚS SOTELO INCLAN,-99.0413,19.3349,-99.0741,19.3141
362,3,09DST0113C,ESCUELA SECUNDARIA TÉCNICA 113,100,09DPR4204J,MÉXICO-JAPÓN,-99.0413,19.3349,-99.0496,19.3243
363,3,09DST0113C,ESCUELA SECUNDARIA TÉCNICA 113,100,09DPR2844R,LIC. ANTONIO DÍAZ SOTO Y GAMA,-99.0413,19.3349,-99.0562,19.3364
364,3,09DST0113C,ESCUELA SECUNDARIA TÉCNICA 113,100,09PPR1853X,COLEGIO HAYDEN S.C.,-99.0413,19.3349,-99.061072,19.340886
365,3,09DST0113C,ESCUELA SECUNDARIA TÉCNICA 113,100,09DPR5114Y,LUCIO CABAÑAS BARRIENTOS,-99.0413,19.3349,-99.0396,19.3217
366,3,09DST0113C,ESCUELA SECUNDARIA TÉCNICA 113,100,09DPR4511Q,REPÚBLICA ARABE DE EGIPTO,-99.0413,19.3349,-99.0378,19.3209
367,3,09DST0113C,ESCUELA SECUNDARIA TÉCNICA 113,100,09DPR5116W,LUCIO CABAÑAS BARRIENTOS,-99.0413,19.3349,-99.0396,19.3217
368,3,09DST0113C,ESCUELA SECUNDARIA TÉCNICA 113,100,09DPR1295X,GREGORIO MARÍAS,-99.0413,19.3349,-99.0403,19.34
369,3,09DST0113C,ESCUELA SECUNDARIA TÉCNICA 113,100,09DPR4203K,MÉXICO-JAPÓN,-99.0413,19.3349,-99.0496,19.3243
370,3,09DST0113C,ESCUELA SECUNDARIA TÉCNICA 113,100,09DPR4203K,MÉXICO-JAPÓN,-99.0413,19.3349,-99.0496,19.3243
371,3,09DST0113C,ESCUELA SECUNDARIA TÉCNICA 113,100,09PPR1750A,COLEGIO LUZ BRINGAS,-99.0413,19.3349,-99.079029,19.33594
372,3,09DST0113C,ESCUELA SECUNDARIA TÉCNICA 113,100,09DPR4165Y,DANIEL COSIO VILLEGAS,-99.0413,19.3349,-99.0379,19.3123
373,3,09DST0113C,ESCUELA SECUNDARIA TÉCNICA 113,100,09PPR1139K,COLEGIO MARK TWAIN,-99.0413,19.3349,-99.099472,19.341071
374,3,09DST0113C,ESCUELA SECUNDARIA TÉCNICA 113,100,09PPR0573G,INSTITUTO JUANA DE ARCO,-99.0413,19.3349,-99.02406111,19.34
375,3,09DST0113C,ESCUELA SECUNDARIA TÉCNICA 113,100,09DPR5057X,PROFR. JOSÉ SANTOS VALDES,-99.0413,19.3349,-99.0418,19.3182
376,3,09DST0113C,ESCUELA SECUNDARIA TÉCNICA 113,100,09PPR0399Q,JOSÉ ENCARNACION GONZÁLEZ VILLASEÑOR,-99.0413,19.3349,-99.086866,19.362732
377,3,09DST0113C,ESCUELA SECUNDARIA TÉCNICA 113,100,09DPR1198V,TEOFILO CEDILLO GRANADOS,-99.0413,19.3349,-99.0947,19.3598
378,3,09DST0113C,ESCUELA SECUNDARIA TÉCNICA 113,100,09DPR4204J,MÉXICO-JAPÓN,-99.0413,19.3349,-99.0496,19.3243
379,3,09DST0113C,ESCUELA SECUNDARIA TÉCNICA 113,100,09DPR4002N,LUIS PENICHE VALLADO,-99.0413,19.3349,-99.0374,19.3119
380,3,09DST0113C,ESCUELA SECUNDARIA TÉCNICA 113,100,09DPR4511Q,REPÚBLICA ARABE DE EGIPTO,-99.0413,19.3349,-99.0378,19.3209
381,3,09DST0113C,ESCUELA SECUNDARIA TÉCNICA 113,100,09DPR5057X,PROFR. JOSÉ SANTOS VALDES,-99.0413,19.3349,-99.0418,19.3182
382,3,09DST0113C,ESCUELA SECUNDARIA TÉCNICA 113,100,09DPR4203K,MÉXICO-JAPÓN,-99.0413,19.3349,-99.0496,19.3243
383,3,09DST0113C,ESCUELA SECUNDARIA TÉCNICA 113,100,09PPR0405K,COLEGIO LUZ CASANOVA,-99.0413,19.3349,-99.04359,19.33744
384,3,09DST0113C,ESCUELA SECUNDARIA TÉCNICA 113,100,09PPR1337K,ANNA SANDERS,-99.0413,19.3349,-99.044785,19.348887
385,3,09DST0113C,ESCUELA SECUNDARIA TÉCNICA 113,100,09DPR5057X,PROFR. JOSÉ SANTOS VALDES,-99.0413,19.3349,-99.0418,19.3182
386,3,09DST0113C,ESCUELA SECUNDARIA TÉCNICA 113,100,09DPR4108G,JOSÉ MA. RODRÍGUEZ COS,-99.0413,19.3349,-99.0448,19.3281
387,3,09DST0113C,ESCUELA SECUNDARIA TÉCNICA 113,100,09DPR2090K,REPÚBLICA DE MADAGASCAR,-99.0413,19.3349,-99.0518,19.347
388,3,09DST0113C,ESCUELA SECUNDARIA TÉCNICA 113,100,09DPR4203K,MÉXICO-JAPÓN,-99.0413,19.3349,-99.0496,19.3243
389,3,09DST0113C,ESCUELA SECUNDARIA TÉCNICA 113,100,09DPR5114Y,LUCIO CABAÑAS BARRIENTOS,-99.0413,19.3349,-99.0396,19.3217
390,3,09DST0113C,ESCUELA SECUNDARIA TÉCNICA 113,100,09DPR2271U,LOS DERECHOS DEL NIÑO,-99.0413,19.3349,-99.03,19.345
391,3,09DST0113C,ESCUELA SECUNDARIA TÉCNICA 113,100,09DPR1198V,TEOFILO CEDILLO GRANADOS,-99.0413,19.3349,-99.0947,19.3598
392,3,09DST0113C,ESCUELA SECUNDARIA TÉCNICA 113,100,09DPR4002N,LUIS PENICHE VALLADO,-99.0413,19.3349,-99.0374,19.3119
393,3,09DST0113C,ESCUELA SECUNDARIA TÉCNICA 113,100,09DPR1295X,GREGORIO MARÍAS,-99.0413,19.3349,-99.0403,19.34
394,3,09DST0113C,ESCUELA SECUNDARIA TÉCNICA 113,100,09DPR0127U,PROFR. JOSÉ GONZÁLEZ VILLASEÑOR,-99.0413,19.3349,-99.038,19.332
395,3,09DST0113C,ESCUELA SECUNDARIA TÉCNICA 113,100,09DPR3022U,FELIX F. PALAVICINI,-99.0413,19.3349,-99.0587,19.3483
396,3,09DST0113C,ESCUELA SECUNDARIA TÉCNICA 113,100,09DPR5107O,IGNACIO MANUEL ALTAMIRANO,-99.0413,19.3349,-99.0274,19.3418
397,3,09DST0113C,ESCUELA SECUNDARIA TÉCNICA 113,100,09DPR0103K,PROFR. ANTONIO CEDEÑO,-99.0413,19.3349,-99.051,19.3297
398,3,09DST0113C,ESCUELA SECUNDARIA TÉCNICA 113,100,09DPR5057X,PROFR. JOSÉ SANTOS VALDES,-99.0413,19.3349,-99.0418,19.3182
399,3,09DST0113C,ESCUELA SECUNDARIA TÉCNICA 113,100,09DPR4511Q,REPÚBLICA ARABE DE EGIPTO,-99.0413,19.3349,-99.0378,19.3209
400,3,09DST0113C,ESCUELA SECUNDARIA TÉCNICA 113,100,09DPR4002N,LUIS PENICHE VALLADO,-99.0413,19.3349,-99.0374,19.3119
401,3,09DST0113C,ESCUELA SECUNDARIA TÉCNICA 113,100,09DPR0137A,PROFR. RAMIRO SÁNCHEZ LÓPEZ,-99.0413,19.3349,-99.0275,19.3308
402,3,09DST0113C,ESCUELA SECUNDARIA TÉCNICA 113,100,09DPR0127U,PROFR. JOSÉ GONZÁLEZ VILLASEÑOR,-99.0413,19.3349,-99.038,19.332
403,3,09DST0113C,ESCUELA SECUNDARIA TÉCNICA 113,100,09DPR1322D,EL AMO TORRES,-99.0413,19.3349,-99.0412,19.3419
